City_ID,City,Country,Date,Lat,Lng,Max Temp,Humidity,Cloudiness,Wind Speed
0,Punta Arenas,CL,2020-08-19 23:40:36,-53.15,-70.92,46.4,75,83,34.45
1,Akdepe,TM,2020-08-19 23:45:06,42.06,59.38,69.8,52,0,2.24
2,Esperance,AU,2020-08-19 23:42:39,-33.87,121.9,44.6,100,75,9.17
3,Geraldton,AU,2020-08-19 23:45:06,-28.77,114.6,50.0,81,82,4.7
4,Vaini,TO,2020-08-19 23:45:06,-21.2,-175.2,77.0,88,75,12.75
5,Albany,US,2020-08-19 23:40:16,42.6,-73.97,71.01,47,10,7.25
6,Hamilton,US,2020-08-19 23:45:06,39.18,-84.53,77.0,47,40,9.17
7,Ixtapa,MX,2020-08-19 23:45:06,20.7,-105.2,86.0,70,90,4.7
8,Bredasdorp,ZA,2020-08-19 23:44:24,-34.53,20.04,51.8,71,100,2.24
9,Waipawa,NZ,2020-08-19 23:44:51,-41.41,175.52,57.2,82,30,17.22
10,Mar Del Plata,AR,2020-08-19 23:45:06,-38.0,-57.56,44.01,64,40,5.82
11,Thompson,CA,2020-08-19 23:40:54,55.74,-97.86,71.6,53,75,2.24
12,Bluff,NZ,2020-08-19 23:45:06,-46.6,168.33,54.0,85,58,1.99
13,Guerrero Negro,MX,2020-08-19 23:45:06,27.98,-114.06,84.02,50,0,17.9
14,Cabo San Lucas,MX,2020-08-19 23:40:36,22.89,-109.91,75.2,88,90,17.22
15,Nisia Floresta,BR,2020-08-19 23:45:06,-6.09,-35.21,75.2,83,20,6.93
16,Kodiak,US,2020-08-19 23:45:07,57.79,-152.41,64.4,55,90,13.87
17,Lasa,IT,2020-08-19 23:45:07,46.62,10.7,59.0,87,40,1.12
18,Biak,ID,2020-08-19 23:45:07,-0.91,122.88,78.17,71,12,5.08
19,Saint-Philippe,RE,2020-08-19 23:45:07,-21.36,55.77,69.01,64,90,4.7
20,Qaanaaq,GL,2020-08-19 23:45:07,77.48,-69.36,44.13,90,100,2.06
21,Imeni Poliny Osipenko,RU,2020-08-19 23:45:07,52.42,136.49,64.83,55,0,6.64
22,Coquimbo,CL,2020-08-19 23:45:07,-29.95,-71.34,51.8,87,0,6.93
23,Avarua,CK,2020-08-19 23:43:57,-21.21,-159.78,73.4,83,100,21.92
24,Nioki,CD,2020-08-19 23:45:07,-2.72,17.68,78.73,71,90,2.53
25,Portland,US,2020-08-19 23:44:26,45.52,-122.68,88.0,37,75,6.93
26,Odweyne,SO,2020-08-19 23:45:07,9.41,45.06,72.23,66,17,19.06
27,Sena Madureira,BR,2020-08-19 23:45:07,-9.07,-68.66,84.16,55,46,1.52
28,Bordighera,IT,2020-08-19 23:45:07,43.78,7.66,75.2,78,20,4.7
29,Isangel,VU,2020-08-19 23:45:07,-19.55,169.27,76.12,60,1,2.3
30,Altamira,BR,2020-08-19 23:45:07,-3.2,-52.21,83.28,48,73,3.44
31,Yokadouma,CM,2020-08-19 23:45:07,3.52,15.05,70.57,96,93,1.3
32,Toledo,ES,2020-08-19 23:42:24,39.83,-4.0,82.0,19,0,7.83
33,El Tigre,VE,2020-08-19 23:42:47,8.89,-64.25,80.02,68,70,6.82
34,Yaan,NG,2020-08-19 23:45:07,7.38,8.57,73.26,96,98,6.71
35,Hithadhoo,MV,2020-08-19 23:42:08,-0.6,73.08,83.12,67,70,3.02
36,Cherskiy,RU,2020-08-19 23:45:07,68.75,161.3,45.1,64,97,7.72
37,Puerto Ayora,EC,2020-08-19 23:45:08,-0.74,-90.35,66.99,92,87,8.01
38,Atuona,PF,2020-08-19 23:41:35,-9.8,-139.03,78.39,77,6,17.74
39,Asyut,EG,2020-08-19 23:45:08,27.18,31.18,78.21,45,0,6.55
40,Pevek,RU,2020-08-19 23:44:14,69.7,170.31,42.3,82,97,1.21
41,Katsuura,JP,2020-08-19 23:43:20,35.13,140.3,86.0,77,36,4.0
42,Alofi,NU,2020-08-19 23:40:27,-19.06,-169.92,84.2,79,75,12.75
43,Saskylakh,RU,2020-08-19 23:45:08,71.92,114.08,43.74,65,100,3.6
44,Ushuaia,AR,2020-08-19 23:45:08,-54.8,-68.3,39.2,93,90,24.16
45,Arraial Do Cabo,BR,2020-08-19 23:44:15,-22.97,-42.03,75.2,83,0,11.41
46,Bathsheba,BB,2020-08-19 23:44:27,13.22,-59.52,82.4,78,40,16.11
47,Port Alfred,ZA,2020-08-19 23:45:08,-33.59,26.89,50.77,73,15,9.15
48,Kruisfontein,ZA,2020-08-19 23:45:08,-34.0,24.73,45.46,74,18,8.12
49,Tutoia,BR,2020-08-19 23:44:16,-2.76,-42.27,79.66,79,96,15.84
50,Sept-Iles,CA,2020-08-19 23:41:37,50.2,-66.38,62.6,82,75,12.75
51,Saldanha,ZA,2020-08-19 23:45:08,-33.01,17.94,44.6,81,57,2.24
52,Mackay,AU,2020-08-19 23:44:40,-21.15,149.2,78.01,64,14,3.36
53,Claresholm,CA,2020-08-19 23:45:08,50.03,-113.59,86.0,41,47,2.24
54,Sao Joao Da Barra,BR,2020-08-19 23:45:08,-21.64,-41.05,74.55,83,0,23.64
55,Port Elizabeth,ZA,2020-08-19 23:44:19,-33.92,25.57,46.4,87,22,8.05
56,Busselton,AU,2020-08-19 23:45:08,-33.65,115.33,46.0,83,78,1.21
57,Kaitangata,NZ,2020-08-19 23:43:31,-46.28,169.85,51.01,81,5,1.99
58,Taltal,CL,2020-08-19 23:45:08,-25.4,-70.48,53.73,72,6,6.33
59,Chuy,UY,2020-08-19 23:45:08,-33.7,-53.46,42.51,77,26,8.99
60,Knysna,ZA,2020-08-19 23:45:08,-34.04,23.05,48.2,66,29,6.93
61,Ayat,ET,2020-08-19 23:45:08,9.03,38.85,53.71,85,23,0.81
62,Tuatapere,NZ,2020-08-19 23:45:08,-46.13,167.68,54.0,85,56,1.99
63,Rikitea,PF,2020-08-19 23:45:09,-23.12,-134.97,70.14,86,100,22.26
64,Mandan,US,2020-08-19 23:40:25,46.83,-100.89,98.6,28,1,10.29
65,Yellowknife,CA,2020-08-19 23:45:01,62.46,-114.35,57.2,100,75,9.17
66,Lashio,MM,2020-08-19 23:44:17,22.93,97.75,67.93,100,100,0.87
67,Masuguru,TZ,2020-08-19 23:45:09,-11.37,38.42,70.47,82,47,3.94
68,Lubango,AO,2020-08-19 23:45:09,-14.92,13.49,56.37,35,3,5.5
69,Hirara,JP,2020-08-19 23:45:09,24.8,125.28,84.2,89,75,8.05
70,San Patricio,MX,2020-08-19 23:45:09,19.22,-104.7,86.0,74,75,11.41
71,Pangnirtung,CA,2020-08-19 23:41:59,66.15,-65.71,55.72,38,12,2.71
72,Doka,SD,2020-08-19 23:45:09,13.52,35.77,72.1,94,100,7.05
73,Hilo,US,2020-08-19 23:45:09,19.73,-155.09,82.4,65,90,9.17
74,Ngunguru,NZ,2020-08-19 23:42:33,-35.62,174.5,62.01,58,66,10.0
75,Mpika,ZM,2020-08-19 23:45:09,-11.83,31.45,62.85,41,21,6.44
76,Klaksvik,FO,2020-08-19 23:45:09,62.23,-6.59,51.8,76,100,12.75
77,Khatanga,RU,2020-08-19 23:45:09,71.97,102.5,52.27,60,55,10.29
78,Khorinsk,RU,2020-08-19 23:45:09,52.17,109.77,59.38,66,15,3.62
79,Ribeira Grande,PT,2020-08-19 23:45:09,38.52,-28.7,68.94,67,82,16.15
80,Narsaq,GL,2020-08-19 23:45:09,60.92,-46.05,55.4,58,32,4.7
81,Mezen,RU,2020-08-19 23:42:42,65.85,44.24,41.79,86,0,5.01
82,Shimoda,JP,2020-08-19 23:45:09,34.67,138.95,87.01,74,20,8.05
83,Barrow,US,2020-08-19 23:44:52,71.29,-156.79,41.0,86,90,10.29
84,Cootamundra,AU,2020-08-19 23:45:09,-34.65,148.03,45.0,91,100,3.0
85,Urumqi,CN,2020-08-19 23:45:10,43.8,87.6,69.8,52,75,11.18
86,Kangaatsiaq,GL,2020-08-19 23:45:10,68.31,-53.46,48.47,75,0,13.18
87,Victoria,HK,2020-08-19 23:40:49,22.29,114.16,81.0,88,98,4.0
88,Juba,SS,2020-08-19 23:45:10,4.85,31.58,69.69,96,88,3.06
89,Honiara,SB,2020-08-19 23:41:57,-9.43,159.95,87.8,74,75,8.05
90,Ciudad Guayana,VE,2020-08-19 23:45:10,8.35,-62.65,84.0,77,68,1.99
91,Kamenka,RU,2020-08-19 23:45:10,51.32,42.77,57.0,74,79,5.99
92,Leningradskiy,RU,2020-08-19 23:45:10,69.38,178.42,56.16,48,71,5.64
93,Lebu,CL,2020-08-19 23:45:10,-37.62,-73.65,45.95,74,0,19.86
94,Coxim,BR,2020-08-19 23:45:10,-18.51,-54.76,81.91,28,7,3.67
95,Kavieng,PG,2020-08-19 23:45:10,-2.57,150.8,84.6,70,24,7.9
96,Obligado,PY,2020-08-19 23:45:10,-27.03,-55.63,60.8,41,0,14.99
97,North Bend,US,2020-08-19 23:45:10,43.41,-124.22,72.0,82,1,9.17
98,Mahebourg,MU,2020-08-19 23:45:10,-20.41,57.7,68.0,82,40,10.29
99,Kapiri Mposhi,ZM,2020-08-19 23:45:10,-13.97,28.68,61.23,43,1,4.56
100,Moron,AR,2020-08-19 23:44:21,-34.65,-58.62,48.0,54,31,3.36
101,Gazanjyk,TM,2020-08-19 23:45:10,39.24,55.52,79.11,20,0,10.63
102,Port Shepstone,ZA,2020-08-19 23:45:10,-30.74,30.45,52.5,58,0,9.57
103,Castro,BR,2020-08-19 23:45:10,-24.79,-50.01,52.0,96,100,2.15
104,Verkhoyansk,RU,2020-08-19 23:45:10,67.54,133.38,45.37,58,81,12.24
105,Axim,GH,2020-08-19 23:41:26,4.87,-2.24,75.29,86,51,10.45
106,Clyde River,CA,2020-08-19 23:45:10,70.47,-68.59,50.0,87,75,8.05
107,Gat,IL,2020-08-19 23:40:18,31.61,34.76,75.99,40,0,0.58
108,Dikson,RU,2020-08-19 23:45:10,73.51,80.55,47.91,75,0,15.61
109,Coahuayana,MX,2020-08-19 23:45:11,18.73,-103.68,78.8,78,75,17.22
110,Bethel,US,2020-08-19 23:41:24,41.37,-73.41,71.6,64,1,4.7
111,Gamba,GA,2020-08-19 23:45:11,-2.65,10.0,72.36,88,100,7.67
112,Luderitz,NA,2020-08-19 23:45:11,-26.65,15.16,60.4,31,0,9.33
113,Ancud,CL,2020-08-19 23:45:11,-41.87,-73.82,43.0,86,20,3.36
114,Mataura,NZ,2020-08-19 23:45:11,-46.19,168.86,54.0,85,33,1.99
115,Hermanus,ZA,2020-08-19 23:45:11,-34.42,19.23,45.0,92,99,10.11
116,Hobart,AU,2020-08-19 23:45:11,-42.88,147.33,52.0,71,40,10.29
117,Gravdal,NO,2020-08-19 23:45:11,68.12,13.5,49.39,76,86,7.65
118,Tiksi,RU,2020-08-19 23:45:11,71.69,128.87,39.9,88,98,6.38
119,Port Hedland,AU,2020-08-19 23:45:11,-20.32,118.57,62.6,33,0,8.05
120,State College,US,2020-08-19 23:45:11,40.79,-77.86,73.0,43,9,4.97
121,Tazovskiy,RU,2020-08-19 23:45:11,67.47,78.7,56.95,76,100,12.08
122,Aklavik,CA,2020-08-19 23:45:11,68.22,-135.01,60.8,72,40,3.36
123,Bengkulu,ID,2020-08-19 23:41:27,-3.8,102.27,76.3,83,78,4.61
124,Vostok,RU,2020-08-19 23:43:24,46.49,135.88,56.57,63,92,5.28
125,Comodoro Rivadavia,AR,2020-08-19 23:41:14,-45.87,-67.5,50.0,55,43,6.93
126,Baoro,CF,2020-08-19 23:45:11,5.67,15.97,69.53,93,100,2.48
127,Nikolskoye,RU,2020-08-19 23:45:11,59.7,30.79,55.0,93,0,2.24
128,Road Town,VG,2020-08-19 23:45:12,18.42,-64.62,84.2,74,40,11.41
129,Upernavik,GL,2020-08-19 23:45:12,72.79,-56.15,49.69,73,47,2.66
130,Margate,GB,2020-08-19 23:45:12,51.38,1.39,68.0,99,97,4.0
131,Kapaa,US,2020-08-19 23:45:12,22.08,-159.32,84.2,66,1,14.99
132,Susehri,TR,2020-08-19 23:45:12,40.16,38.09,59.23,47,0,0.54
133,Mahon,ES,2020-08-19 23:45:12,39.89,4.27,75.2,88,0,5.82
134,San Andres,CO,2020-08-19 23:44:24,12.58,-81.7,84.2,79,90,6.93
135,Tra Vinh,VN,2020-08-19 23:45:12,9.93,106.35,78.48,89,100,3.4
136,Chokurdakh,RU,2020-08-19 23:45:12,70.63,147.92,36.21,95,100,10.0
137,Dali,CN,2020-08-19 23:45:12,25.7,100.18,56.84,88,100,2.73
138,Airai,TL,2020-08-19 23:45:12,-8.93,125.41,68.54,42,5,2.73
139,Silver City,US,2020-08-19 23:45:12,32.77,-108.28,91.4,16,1,9.17
140,Jamestown,US,2020-08-19 23:41:05,42.1,-79.24,66.99,48,1,4.7
141,Butaritari,KI,2020-08-19 23:45:12,3.07,172.79,83.23,78,27,9.95
142,Cape Town,ZA,2020-08-19 23:41:33,-33.93,18.42,55.0,87,40,8.05
143,Mehamn,NO,2020-08-19 23:45:12,71.04,27.85,51.12,89,98,16.11
144,Hermosillo,MX,2020-08-19 23:44:16,29.07,-110.97,109.0,19,20,5.82
145,Ponta Do Sol,PT,2020-08-19 23:45:12,32.67,-17.1,73.4,78,40,2.24
146,Znamenskoye,RU,2020-08-19 23:45:12,57.13,73.83,47.34,98,26,6.62
147,Nanortalik,GL,2020-08-19 23:44:56,60.14,-45.24,46.29,79,25,14.54
148,Chipinge,ZW,2020-08-19 23:45:12,-20.19,32.62,54.28,95,95,5.59
149,Carnarvon,AU,2020-08-19 23:45:12,-24.87,113.63,60.8,55,92,9.17
150,Hambantota,LK,2020-08-19 23:43:30,6.12,81.12,78.8,94,100,9.17
151,Mkuranga,TZ,2020-08-19 23:45:13,-7.12,39.21,68.49,94,31,0.89
152,Birigui,BR,2020-08-19 23:45:13,-21.29,-50.34,65.12,65,1,19.53
153,Korla,CN,2020-08-19 23:45:13,41.76,86.15,77.0,48,30,14.56
154,East London,ZA,2020-08-19 23:45:13,-33.02,27.91,52.74,56,5,5.73
155,Vila Franca Do Campo,PT,2020-08-19 23:45:13,37.72,-25.43,62.6,77,20,5.82
156,Nuevo Progreso,MX,2020-08-19 23:45:13,23.17,-97.95,88.0,56,100,1.99
157,Marienburg,PL,2020-08-19 23:45:13,54.04,19.03,61.0,88,70,6.58
158,Gasa,PS,2020-08-19 23:43:44,31.5,34.47,75.0,40,0,2.04
159,Khovu-Aksy,RU,2020-08-19 23:45:13,51.13,93.6,52.7,76,35,1.01
160,Mahina,PF,2020-08-19 23:45:13,-17.51,-149.49,82.4,65,75,4.7
161,Sao Filipe,CV,2020-08-19 23:42:09,14.9,-24.5,77.47,79,44,12.8
162,Challans,FR,2020-08-19 23:45:13,46.84,-1.87,71.6,83,90,9.17
163,Tuktoyaktuk,CA,2020-08-19 23:45:13,69.45,-133.04,53.6,81,40,9.17
164,Souillac,MU,2020-08-19 23:45:13,-20.52,57.52,68.0,82,40,10.29
165,Bambous Virieux,MU,2020-08-19 23:45:13,-20.34,57.76,71.01,82,40,10.29
166,Cidreira,BR,2020-08-19 23:44:42,-30.18,-50.21,53.47,74,79,14.12
167,Hobyo,SO,2020-08-19 23:45:13,5.35,48.53,76.95,82,97,18.12
168,Azusa,US,2020-08-19 23:45:13,34.13,-117.91,97.0,32,1,8.05
169,Touros,BR,2020-08-19 23:45:13,-5.2,-35.46,75.2,83,20,4.7
170,Iqaluit,CA,2020-08-19 23:44:10,63.75,-68.51,46.4,87,90,16.11
171,Tual,ID,2020-08-19 23:45:13,-5.67,132.75,79.3,81,49,15.35
172,Sibu,MY,2020-08-19 23:45:13,2.3,111.82,75.2,100,40,2.24
173,Ereymentau,KZ,2020-08-19 23:45:14,51.62,73.1,50.83,68,18,14.85
174,Tatarbunary,UA,2020-08-19 23:44:15,45.84,29.61,66.33,75,75,6.06
175,Balikpapan,ID,2020-08-19 23:43:11,-1.27,116.83,78.8,94,40,6.93
176,College,US,2020-08-19 23:45:14,64.86,-147.8,72.0,56,75,5.12
177,Puerto El Triunfo,SV,2020-08-19 23:45:14,13.28,-88.55,86.0,100,75,6.93
178,Awbari,LY,2020-08-19 23:45:14,26.59,12.78,84.0,17,26,2.95
179,Oussouye,SN,2020-08-19 23:45:14,12.48,-16.55,80.6,94,75,2.24
180,Tasiilaq,GL,2020-08-19 23:44:08,65.61,-37.64,44.6,75,0,5.82
181,Dwarka,IN,2020-08-19 23:45:14,22.24,68.97,82.56,84,88,17.6
182,Ban Nahin,LA,2020-08-19 23:45:14,18.24,104.21,76.06,90,99,1.68
183,Berghin,RO,2020-08-19 23:45:14,46.07,23.73,62.6,100,100,6.93
184,Asau,RO,2020-08-19 23:45:14,46.43,26.4,60.01,98,100,3.76
185,Atar,MR,2020-08-19 23:45:14,20.52,-13.05,95.49,29,0,9.17
186,Jega,NG,2020-08-19 23:45:14,12.22,4.38,78.24,86,63,7.2
187,Marsa Matruh,EG,2020-08-19 23:45:14,31.35,27.25,75.92,81,0,7.43
188,Georgetown,MY,2020-08-19 23:45:14,5.41,100.34,78.8,94,40,4.88
189,Sechura,PE,2020-08-19 23:42:35,-5.56,-80.82,63.7,73,54,16.35
190,Elizabeth City,US,2020-08-19 23:45:14,36.29,-76.25,80.6,69,1,4.36
191,Port Hardy,CA,2020-08-19 23:42:08,50.7,-127.42,62.6,88,90,16.11
192,Torbay,CA,2020-08-19 23:45:14,47.67,-52.73,64.0,88,75,12.75
193,Pacific Grove,US,2020-08-19 23:41:27,36.62,-121.92,77.0,41,90,4.7
194,Saint-Pierre,RE,2020-08-19 23:42:49,-21.34,55.48,69.01,64,90,4.7
195,Namatanai,PG,2020-08-19 23:45:14,-3.67,152.43,84.4,64,100,5.79
196,Ilebo,CD,2020-08-19 23:45:15,-4.32,20.58,73.56,78,100,1.66
197,Komsomolskiy,UZ,2020-08-19 23:41:11,40.43,71.72,68.0,64,29,6.93
198,Irondequoit,US,2020-08-19 23:45:10,43.21,-77.58,71.01,43,20,10.29
199,Pontecagnano,IT,2020-08-19 23:45:15,40.64,14.87,73.0,63,2,2.77
200,Lagoa,PT,2020-08-19 23:45:15,39.05,-27.98,68.58,67,67,18.66
201,Maloy,NO,2020-08-19 23:45:15,61.94,5.11,60.8,87,4,8.05
202,Hearst,CA,2020-08-19 23:45:15,49.68,-83.67,62.24,56,70,2.91
203,San Clemente,US,2020-08-19 23:42:13,33.43,-117.61,91.0,55,1,1.99
204,Yar-Sale,RU,2020-08-19 23:45:15,66.83,70.83,53.29,74,76,12.55
205,Alice Springs,AU,2020-08-19 23:43:50,-23.7,133.88,55.4,32,0,4.7
206,Pangkalanbuun,ID,2020-08-19 23:45:15,-2.68,111.62,75.2,85,99,2.98
207,Provideniya,RU,2020-08-19 23:43:57,64.38,-173.3,59.0,67,40,11.18
208,Marzuq,YE,2020-08-19 23:45:15,14.4,46.47,81.88,39,98,7.18
209,Constitucion,CL,2020-08-19 23:45:09,-35.33,-72.42,47.89,71,0,6.71
210,Vestmanna,FO,2020-08-19 23:45:15,62.16,-7.17,51.8,76,100,12.75
211,Benghazi,LY,2020-08-19 23:45:15,32.12,20.07,78.64,80,0,10.27
212,Saint-Jean-De-Maurienne,FR,2020-08-19 23:45:15,45.17,6.58,59.0,82,6,1.88
213,Tessaoua,NE,2020-08-19 23:45:15,13.76,7.99,80.96,64,69,16.78
214,Marang,MY,2020-08-19 23:45:15,5.21,103.21,77.0,94,20,3.36
215,Romulus,US,2020-08-19 23:45:15,42.22,-83.4,77.0,46,75,10.29
216,Wheeling,US,2020-08-19 23:45:15,42.14,-87.93,79.0,39,1,5.82
217,Namibe,AO,2020-08-19 23:45:15,-15.2,12.15,64.04,88,56,1.92
218,Mokobeng,BW,2020-08-19 23:45:16,-23.0,27.67,49.41,70,2,5.59
219,Konya,TR,2020-08-19 23:45:16,38.17,32.5,66.2,34,0,1.61
220,Veraval,IN,2020-08-19 23:45:16,20.9,70.37,81.32,85,100,17.34
221,Marsabit,KE,2020-08-19 23:45:16,2.33,37.99,63.41,84,89,23.47
222,Shenkursk,RU,2020-08-19 23:45:16,62.11,42.9,40.33,89,0,4.14
223,Lompoc,US,2020-08-19 23:44:36,34.64,-120.46,77.0,60,90,10.29
224,Pocone,BR,2020-08-19 23:41:04,-16.26,-56.62,86.68,21,0,3.78
225,Roswell,US,2020-08-19 23:42:48,34.02,-84.36,68.0,94,90,14.99
226,Gimli,CA,2020-08-19 23:43:56,50.63,-96.99,82.0,99,57,3.71
227,Somerset East,ZA,2020-08-19 23:45:16,-32.72,25.59,42.6,61,27,5.99
228,Haines Junction,CA,2020-08-19 23:45:16,60.75,-137.51,62.11,41,100,2.68
229,Brumadinho,BR,2020-08-19 23:45:16,-20.14,-44.2,75.2,53,0,4.7
230,Waingapu,ID,2020-08-19 23:45:16,-9.66,120.26,78.12,66,8,6.6
231,Troitsko-Pechorsk,RU,2020-08-19 23:45:16,62.71,56.2,54.43,97,100,10.45
232,Neftcala,AZ,2020-08-19 23:45:16,39.37,49.25,71.49,62,0,2.26
233,Fairbanks,US,2020-08-19 23:43:40,64.84,-147.72,72.0,52,40,4.7
234,Norton,ZW,2020-08-19 23:45:16,-17.88,30.7,60.1,80,91,9.98
235,Kayerkan,RU,2020-08-19 23:45:16,69.35,87.76,59.0,47,60,11.18
236,Wilkie,CA,2020-08-19 23:45:16,52.42,-108.7,84.99,55,82,5.01
237,La Palma,US,2020-08-19 23:43:16,33.85,-118.05,97.0,38,1,9.17
238,Kirensk,RU,2020-08-19 23:45:16,57.79,108.11,62.6,51,56,2.84
239,Barra Do Garcas,BR,2020-08-19 23:45:16,-15.89,-52.26,81.0,26,0,2.75
240,Yulara,AU,2020-08-19 23:44:16,-25.24,130.99,51.8,43,1,4.7
241,Westport,US,2020-08-19 23:45:16,41.14,-73.36,71.6,73,1,4.7
242,Te Anau,NZ,2020-08-19 23:45:16,-45.42,167.72,49.08,81,98,0.6
243,Dingle,PH,2020-08-19 23:44:00,11.0,122.67,75.76,92,90,5.1
244,Banjar,ID,2020-08-19 23:45:17,-8.19,114.97,78.8,83,75,13.87
245,Grindavik,IS,2020-08-19 23:45:17,63.84,-22.43,48.2,100,90,5.82
246,Fratautii Noi,RO,2020-08-19 23:45:17,47.94,25.84,64.0,93,100,8.05
247,Matay,EG,2020-08-19 23:45:17,28.42,30.78,75.07,58,0,9.4
248,Onguday,RU,2020-08-19 23:45:17,50.75,86.15,50.27,63,16,4.85
249,Clarence Town,AU,2020-08-19 23:45:17,-32.58,151.78,61.0,54,20,25.28
250,Turukhansk,RU,2020-08-19 23:45:17,65.82,87.98,60.37,90,100,3.62
251,Jalu,LY,2020-08-19 23:45:17,29.03,21.55,79.57,46,0,12.37
252,Duncan,US,2020-08-19 23:45:17,34.5,-97.96,89.01,35,1,6.93
253,Pemangkat,ID,2020-08-19 23:45:17,1.17,108.97,78.37,85,73,4.74
254,Koumra,TD,2020-08-19 23:45:17,8.91,17.55,70.03,96,100,1.7
255,Maniitsoq,GL,2020-08-19 23:45:17,65.42,-52.9,47.97,73,0,7.36
256,Caravelas,BR,2020-08-19 23:45:17,-17.71,-39.25,72.34,85,5,7.43
257,Novaci,RO,2020-08-19 23:45:17,45.18,23.67,62.31,73,85,5.44
258,Buraydah,SA,2020-08-19 23:45:17,26.33,43.98,84.2,18,6,2.24
259,Coolum Beach,AU,2020-08-19 23:45:17,-26.53,153.1,68.0,38,80,8.99
260,Saint George,US,2020-08-19 23:41:49,37.1,-113.58,109.99,10,1,9.17
261,Pyinmana,MM,2020-08-19 23:45:17,19.73,96.22,73.0,94,100,2.28
262,Sur,OM,2020-08-19 23:45:18,22.57,59.53,86.04,60,45,4.88
263,Triolet,MU,2020-08-19 23:45:18,-20.05,57.55,71.01,62,26,5.01
264,Bandarbeyla,SO,2020-08-19 23:45:18,9.49,50.81,78.01,73,0,24.96
265,Kavaratti,IN,2020-08-19 23:44:34,10.57,72.64,82.06,77,100,13.85
266,Malinyi,TZ,2020-08-19 23:45:18,-8.93,36.13,69.94,67,55,3.36
267,Kiama,AU,2020-08-19 23:45:18,-34.68,150.87,59.0,52,7,15.01
268,Lerwick,GB,2020-08-19 23:45:18,60.15,-1.15,59.0,93,75,6.93
269,Cockburn Town,TC,2020-08-19 23:45:18,21.46,-71.14,83.39,82,1,18.41
270,Vallenar,CL,2020-08-19 23:45:18,-28.57,-70.76,56.71,50,11,0.67
271,Kununurra,AU,2020-08-19 23:41:59,-15.77,128.73,77.0,21,5,3.36
272,Samarai,PG,2020-08-19 23:45:18,-10.62,150.67,77.22,68,55,5.84
273,Misawa,JP,2020-08-19 23:45:18,40.68,141.36,78.8,74,0,2.24
274,Isabela,PH,2020-08-19 23:45:18,6.71,121.97,78.8,94,75,3.02
275,Mazatlan,MX,2020-08-19 23:45:18,23.22,-106.42,87.01,70,90,17.22
276,La Ronge,CA,2020-08-19 23:45:18,55.1,-105.28,77.0,65,75,3.36
277,Anamur,TR,2020-08-19 23:45:18,36.08,32.84,73.4,94,0,3.36
278,Chesterton,US,2020-08-19 23:45:18,41.61,-87.06,75.0,62,28,1.01
279,Terrak,NO,2020-08-19 23:45:18,65.09,12.37,51.8,93,94,6.93
280,Novobirilyussy,RU,2020-08-19 23:45:18,56.95,90.67,53.47,92,23,5.7
281,Taseyevo,RU,2020-08-19 23:45:19,57.22,94.9,55.62,92,15,4.52
282,Kidal,ML,2020-08-19 23:45:19,18.44,1.41,83.71,49,98,6.49
283,Faanui,PF,2020-08-19 23:45:19,-16.48,-151.75,78.42,77,30,22.73
284,Longyearbyen,SJ,2020-08-19 23:45:19,78.22,15.64,42.8,75,75,12.75
285,Palmer,US,2020-08-19 23:45:19,42.16,-72.33,66.2,88,20,2.01
286,Tilichiki,RU,2020-08-19 23:45:19,60.47,166.1,54.28,73,100,20.92
287,Tsilna,RU,2020-08-19 23:45:19,54.6,48.14,48.2,87,0,6.71
288,Mount Isa,AU,2020-08-19 23:45:19,-20.73,139.5,68.0,22,0,10.29
289,Anadyr,RU,2020-08-19 23:45:19,64.75,177.48,59.0,51,74,15.66
290,Ostrovnoy,RU,2020-08-19 23:45:19,68.05,39.51,49.24,78,46,10.18
291,Kita,ML,2020-08-19 23:45:19,13.03,-9.49,74.95,89,97,2.89
292,Pemba,MZ,2020-08-19 23:45:19,-12.97,40.52,75.2,94,75,2.24
293,El Sauzal,MX,2020-08-19 23:45:19,31.9,-116.68,75.99,85,8,3.0
294,Luanda,AO,2020-08-19 23:45:19,-8.84,13.23,69.8,94,20,3.36
295,Adrar,MR,2020-08-19 23:45:19,20.5,-10.07,96.44,27,42,12.57
296,New Norfolk,AU,2020-08-19 23:45:19,-42.78,147.06,50.0,74,69,4.0
297,Mangaratiba,BR,2020-08-19 23:41:07,-22.96,-44.04,73.4,83,90,9.17
298,Whitecourt,CA,2020-08-19 23:45:19,54.15,-115.69,75.2,38,40,5.82
299,Bilma,NE,2020-08-19 23:45:19,18.69,12.92,92.1,13,63,5.21
300,Sovetskiy,RU,2020-08-19 23:45:19,61.36,63.58,51.15,98,99,6.04
301,Atyrau,KZ,2020-08-19 23:45:19,47.12,51.88,69.8,73,75,6.71
302,Dakar,SN,2020-08-19 23:42:31,14.69,-17.44,82.4,83,40,6.93
303,Jumla,NP,2020-08-19 23:45:20,29.27,82.18,61.43,72,100,1.03
304,Rio Grande,BR,2020-08-19 23:41:59,-32.03,-52.1,48.99,71,23,1.01
305,Gushikawa,JP,2020-08-19 23:45:20,26.35,127.87,86.0,79,1,6.93
306,Norman Wells,CA,2020-08-19 23:45:04,65.28,-126.83,64.4,48,75,5.82
307,Araouane,ML,2020-08-19 23:45:20,18.9,-3.53,96.64,30,11,6.64
308,San Cristobal,VE,2020-08-19 23:45:02,7.77,-72.22,84.2,62,75,6.93
309,Maragogi,BR,2020-08-19 23:40:34,-9.01,-35.22,73.53,83,70,3.71
310,Port Macquarie,AU,2020-08-19 23:45:20,-31.43,152.92,64.0,47,0,4.0
311,Doha,QA,2020-08-19 23:40:58,25.29,51.53,89.6,75,28,4.7
312,Nome,US,2020-08-19 23:43:02,64.5,-165.41,60.01,81,75,14.99
313,Lucea,JM,2020-08-19 23:45:20,18.45,-78.17,87.8,70,40,13.87
314,Aloleng,PH,2020-08-19 23:45:20,16.13,119.78,80.58,80,75,4.32
315,Galveston,US,2020-08-19 23:45:20,29.37,-94.97,93.0,55,20,5.82
316,Grand Gaube,MU,2020-08-19 23:45:20,-20.01,57.66,71.01,62,26,5.01
317,Acari,PE,2020-08-19 23:45:20,-15.43,-74.62,59.76,70,65,5.53
318,Foix,FR,2020-08-19 23:45:20,42.83,1.58,70.0,9,0,8.3
319,Anloga,GH,2020-08-19 23:45:20,5.79,0.9,77.0,83,20,13.87
320,Manavalakurichi,IN,2020-08-19 23:45:20,8.13,77.3,80.6,88,20,5.82
321,Pelym,RU,2020-08-19 23:45:20,61.01,62.0,52.86,97,100,6.71
322,Maamba,ZM,2020-08-19 23:45:20,-17.37,27.15,64.74,25,36,6.4
323,Lake Havasu City,US,2020-08-19 23:42:09,34.48,-114.32,117.0,10,1,8.05
324,Half Moon Bay,US,2020-08-19 23:43:51,37.46,-122.43,86.0,77,1,13.87
325,Sinnar,SD,2020-08-19 23:45:21,13.57,33.57,81.0,70,99,11.52
326,Berlevag,NO,2020-08-19 23:45:21,70.86,29.09,52.18,82,72,9.62
327,Jucuaran,SV,2020-08-19 23:45:21,13.25,-88.25,75.2,100,75,6.93
328,Shingu,JP,2020-08-19 23:45:21,33.73,135.98,86.0,70,75,2.24
329,Kalmunai,LK,2020-08-19 23:45:10,7.42,81.82,77.31,83,100,7.11
330,Conceicao Do Araguaia,BR,2020-08-19 23:45:21,-8.26,-49.26,82.44,31,31,1.03
331,Rebrikha,RU,2020-08-19 23:45:21,53.07,82.34,55.35,65,24,9.69
332,Yanam,IN,2020-08-19 23:45:21,16.73,82.22,75.58,94,100,11.25
333,Xining,CN,2020-08-19 23:42:19,36.62,101.77,56.39,67,4,2.59
334,Kathu,TH,2020-08-19 23:45:21,7.92,98.33,86.0,94,20,4.03
335,Ghansor,IN,2020-08-19 23:45:21,22.65,79.95,72.88,97,98,12.57
336,Kahna Nau,PK,2020-08-19 23:45:21,31.37,74.37,77.0,94,75,16.11
337,Namioka,JP,2020-08-19 23:45:21,40.71,140.59,84.0,51,20,10.29
338,Lavrentiya,RU,2020-08-19 23:45:21,65.58,-171.0,54.5,70,60,8.28
339,Pinhao,BR,2020-08-19 23:44:52,-25.7,-51.66,50.68,99,100,3.02
340,Manaure,CO,2020-08-19 23:45:21,11.78,-72.44,83.97,76,48,6.44
341,Pantelho,MX,2020-08-19 23:45:21,16.93,-92.55,80.6,65,75,10.29
342,Darapidap,PH,2020-08-19 23:45:21,17.21,120.41,81.34,77,99,1.63
343,Champerico,GT,2020-08-19 23:42:20,14.3,-91.92,82.4,83,75,6.93
344,Paine,CL,2020-08-19 23:45:21,-33.82,-70.75,53.6,62,0,6.93
345,Tranas,SE,2020-08-19 23:45:21,58.04,14.98,60.8,100,100,2.24
346,Kiomboi,TZ,2020-08-19 23:45:22,-4.27,34.37,59.2,80,92,5.57
347,Mitsamiouli,KM,2020-08-19 23:45:22,-11.38,43.28,75.52,78,11,8.46
348,Urubicha,BO,2020-08-19 23:45:22,-15.38,-62.95,81.43,54,51,8.41
349,Cayenne,GF,2020-08-19 23:45:22,4.93,-52.33,77.0,100,4,2.24
350,Starodub,RU,2020-08-19 23:45:22,52.58,32.76,58.37,93,53,11.61
351,Muisne,EC,2020-08-19 23:45:22,0.6,-80.03,77.0,83,83,6.93
352,Otane,NZ,2020-08-19 23:45:22,-39.88,176.63,62.01,65,2,8.01
353,Vanavara,RU,2020-08-19 23:45:22,60.34,102.28,60.17,62,100,4.85
354,Deputatskiy,RU,2020-08-19 23:45:22,69.3,139.9,37.69,78,88,7.31
355,Hun,LY,2020-08-19 23:45:22,29.13,15.95,79.88,36,0,1.97
356,Kemijarvi,FI,2020-08-19 23:45:22,66.71,27.43,53.42,95,49,4.59
357,Olafsvik,IS,2020-08-19 23:45:22,64.89,-23.71,49.24,81,18,5.48
358,Katangi,IN,2020-08-19 23:45:22,23.45,79.78,73.35,100,97,6.85
359,Salalah,OM,2020-08-19 23:45:22,17.02,54.09,77.0,100,90,5.82
360,Olga,RU,2020-08-19 23:45:22,43.74,135.29,59.81,89,100,4.65
361,Nuuk,GL,2020-08-19 23:43:29,64.18,-51.72,48.2,81,0,12.75
362,Severo-Kurilsk,RU,2020-08-19 23:45:22,50.68,156.12,54.14,92,100,5.06
363,Port Huron,US,2020-08-19 23:45:20,42.97,-82.42,68.0,60,1,6.93
364,Hami,CN,2020-08-19 23:45:22,42.8,93.45,80.71,27,100,9.86
365,Liaozhong,CN,2020-08-19 23:45:23,41.51,122.72,62.6,88,78,8.95
366,Ilulissat,GL,2020-08-19 23:45:23,69.22,-51.1,51.8,40,26,5.82
367,Emilio Carranza,MX,2020-08-19 23:45:23,19.97,-96.61,82.74,71,27,4.03
368,Monzon,ES,2020-08-19 23:45:23,41.91,0.19,75.0,60,0,8.05
369,Prince Rupert,CA,2020-08-19 23:45:09,54.32,-130.32,57.2,100,90,2.24
370,Tautira,PF,2020-08-19 23:45:23,-17.73,-149.15,82.4,65,75,4.7
371,Nizhniy Odes,RU,2020-08-19 23:45:23,63.64,54.86,55.31,95,99,10.2
372,Abalak,RU,2020-08-19 23:45:23,58.13,68.59,48.58,99,93,3.15
373,Russell,US,2020-08-19 23:45:23,32.35,-85.2,84.2,74,90,3.36
374,Flagstaff,US,2020-08-19 23:41:31,35.2,-111.65,84.99,26,1,4.7
375,Kyrksaeterora,NO,2020-08-19 23:45:23,63.29,9.09,59.0,100,40,3.36
376,Ketchikan,US,2020-08-19 23:45:07,55.34,-131.65,62.6,77,90,3.36
377,Havoysund,NO,2020-08-19 23:43:50,71.0,24.66,50.0,93,75,18.34
378,Hofn,IS,2020-08-19 23:44:22,64.25,-15.21,47.03,73,18,15.03
379,Dashitou,CN,2020-08-19 23:45:23,43.31,128.51,60.24,85,100,3.76
380,Morondava,MG,2020-08-19 23:45:23,-20.28,44.28,70.23,64,0,12.71
381,Vilhena,BR,2020-08-19 23:45:23,-12.74,-60.15,80.6,61,0,6.93
382,Perth,AU,2020-08-19 23:44:09,-31.93,115.83,50.0,93,75,4.7
383,Pontal Do Parana,BR,2020-08-19 23:45:23,-25.65,-48.51,55.4,93,75,5.82
384,Praya,CV,2020-08-19 23:42:42,14.92,-23.51,78.8,74,20,10.29
385,Mujiayingzi,CN,2020-08-19 23:45:23,42.12,118.78,60.04,65,87,5.39
386,Coihaique,CL,2020-08-19 23:45:23,-45.58,-72.07,41.0,85,89,6.93
387,Maki,JP,2020-08-19 23:45:24,37.75,138.88,91.0,70,12,8.05
388,Nagato,JP,2020-08-19 23:45:24,34.38,131.2,82.4,78,75,5.82
389,Charlestown,AU,2020-08-19 23:42:24,-32.95,151.67,61.0,63,1,8.99
390,Huarmey,PE,2020-08-19 23:45:24,-10.07,-78.15,61.57,82,15,9.98
391,Yumen,CN,2020-08-19 23:45:24,40.28,97.2,67.59,34,31,16.49
392,Baruun-Urt,MN,2020-08-19 23:45:24,46.68,113.28,55.18,57,7,3.78
393,Saint-Augustin,CA,2020-08-19 23:44:28,51.23,-58.65,55.94,95,83,5.86
394,Hasaki,JP,2020-08-19 23:41:36,35.73,140.83,86.0,74,20,5.82
395,Kearney,US,2020-08-19 23:45:24,40.7,-99.08,82.4,51,1,16.11
396,Ambilobe,MG,2020-08-19 23:45:24,-13.2,49.05,63.86,80,22,4.81
397,Dezful,IR,2020-08-19 23:45:24,32.38,48.41,79.0,17,0,1.41
398,Talcahuano,CL,2020-08-19 23:45:24,-36.72,-73.12,51.8,37,0,5.82
399,Borovoy,RU,2020-08-19 23:45:24,55.43,86.08,55.4,87,56,8.95
400,Atasu,KZ,2020-08-19 23:45:24,48.68,71.64,54.23,50,1,5.44
401,Zhigansk,RU,2020-08-19 23:45:24,66.77,123.37,44.33,66,6,14.67
402,Urusha,RU,2020-08-19 23:45:24,54.05,122.9,58.55,54,0,4.12
403,Mandalgovi,MN,2020-08-19 23:44:59,45.76,106.27,58.5,45,7,17.09
404,Flinders,AU,2020-08-19 23:45:24,-34.58,150.86,59.0,53,7,11.99
405,Gizo,SB,2020-08-19 23:45:24,-8.1,156.84,83.64,69,100,1.81
406,Bakau,GM,2020-08-19 23:45:24,13.48,-16.68,80.6,94,40,8.9
407,Kastamonu,TR,2020-08-19 23:45:25,41.5,33.67,56.77,70,0,1.34
408,Montelibano,CO,2020-08-19 23:45:25,7.98,-75.42,78.48,88,92,8.81
409,West Bay,KY,2020-08-19 23:44:06,19.37,-81.42,88.0,74,20,5.82
410,Port Augusta,AU,2020-08-19 23:41:57,-32.5,137.77,50.0,87,6,11.41
411,Mapiripan,CO,2020-08-19 23:45:25,2.89,-72.13,77.77,84,99,3.58
412,La Primavera,CO,2020-08-19 23:45:25,5.49,-70.41,80.51,82,71,2.28
413,Sao Joao Do Piaui,BR,2020-08-19 23:45:25,-8.36,-42.25,77.05,36,70,5.21
414,San Juan,AR,2020-08-19 23:45:25,-31.54,-68.54,43.38,54,21,6.78
415,Lorengau,PG,2020-08-19 23:45:25,-2.02,147.27,85.91,66,62,7.96
416,Lata,PT,2020-08-19 23:45:25,40.16,-8.33,71.01,94,34,10.0
417,Sendai,JP,2020-08-19 23:41:33,38.27,140.87,84.2,70,20,8.05
418,Kualakapuas,ID,2020-08-19 23:45:25,-3.01,114.39,73.4,88,66,3.83
419,Amahai,ID,2020-08-19 23:42:13,-3.33,128.92,77.41,82,98,4.65
420,Mahajanga,MG,2020-08-19 23:45:25,-15.72,46.32,71.19,65,8,9.24
421,Magalia,US,2020-08-19 23:45:25,39.81,-121.58,98.6,32,90,5.82
422,Donegal,IE,2020-08-19 23:45:25,54.65,-8.12,60.13,84,100,18.9
423,Caramay,PH,2020-08-19 23:45:25,10.18,119.24,82.15,75,98,2.51
424,Beloha,MG,2020-08-19 23:45:25,-25.17,45.05,66.38,83,43,2.59
425,Hay River,CA,2020-08-19 23:44:49,60.82,-115.8,68.0,56,75,18.34
426,Husavik,IS,2020-08-19 23:45:26,66.04,-17.34,46.4,75,0,8.05
427,San Quintin,MX,2020-08-19 23:45:26,30.48,-115.95,80.47,59,20,10.42
428,Mayo,US,2020-08-19 23:45:26,38.89,-76.51,79.0,74,20,4.7
429,Maicao,CO,2020-08-19 23:45:26,11.38,-72.24,83.23,71,36,2.66
430,Kahului,US,2020-08-19 23:45:26,20.89,-156.47,91.4,43,40,20.8
431,Bol,TD,2020-08-19 23:45:26,13.46,14.71,79.66,78,90,11.74
432,Nguruka,TZ,2020-08-19 23:45:26,-5.11,31.04,65.03,47,95,1.34
433,Necochea,AR,2020-08-19 23:45:26,-38.55,-58.74,42.01,72,87,4.0
434,Gornopravdinsk,RU,2020-08-19 23:45:26,60.05,69.9,49.06,98,41,4.14
435,Chudniv,UA,2020-08-19 23:45:26,50.05,28.12,62.13,86,86,3.65
436,Chibombo,ZM,2020-08-19 23:45:26,-14.66,28.07,64.62,40,0,5.84
437,Henties Bay,NA,2020-08-19 23:45:26,-22.12,14.28,58.26,45,0,5.41
438,Sribne,UA,2020-08-19 23:45:26,50.66,32.92,70.84,44,89,6.46
439,Moussoro,TD,2020-08-19 23:45:26,13.64,16.49,79.23,70,98,13.53
440,Yara,CU,2020-08-19 23:45:26,20.28,-76.95,80.33,84,34,3.51
441,Sitka,US,2020-08-19 23:45:26,57.05,-135.33,64.4,68,90,3.36
442,Gustavo Diaz Ordaz,MX,2020-08-19 23:45:26,26.23,-98.58,95.0,46,64,7.4
443,Katherine,AU,2020-08-19 23:45:26,-14.47,132.27,78.8,65,59,5.82
444,Vardo,NO,2020-08-19 23:45:26,70.37,31.11,53.6,87,40,4.7
445,Bilibino,RU,2020-08-19 23:45:26,68.05,166.44,46.81,85,100,1.86
446,Omsukchan,RU,2020-08-19 23:45:26,62.53,155.8,46.8,89,100,5.41
447,Ginir,ET,2020-08-19 23:45:27,7.13,40.7,59.05,93,86,10.94
448,Ramsey,US,2020-08-19 23:45:27,45.03,-93.08,80.6,54,1,16.11
449,Enid,US,2020-08-19 23:45:27,36.4,-97.88,87.01,37,40,9.17
450,Conakry,GN,2020-08-19 23:45:27,9.54,-13.68,76.91,92,100,11.74
451,Krasnoselkup,RU,2020-08-19 23:45:27,65.7,82.47,55.47,93,92,6.02
452,Bafra,TR,2020-08-19 23:45:27,41.57,35.91,62.6,88,0,3.36
453,Los Andes,CL,2020-08-19 23:45:27,-32.83,-70.6,53.6,62,0,6.93
454,Vestmannaeyjar,IS,2020-08-19 23:45:27,63.44,-20.27,48.97,81,100,17.2
455,Espinosa,BR,2020-08-19 23:45:27,-14.93,-42.82,70.41,61,15,6.64
456,Alekseyevsk,RU,2020-08-19 23:45:27,57.84,108.35,63.82,47,51,2.77
457,Khani,GE,2020-08-19 23:45:27,41.96,42.96,68.0,100,28,3.8
458,Hovd,MN,2020-08-19 23:41:20,48.01,91.64,63.9,45,100,1.05
459,Kazerun,IR,2020-08-19 23:45:27,29.62,51.65,81.79,19,0,1.21
460,Loubomo,CG,2020-08-19 23:45:27,-4.2,12.67,70.14,89,53,5.21
461,Mattru,SL,2020-08-19 23:45:27,7.62,-11.83,73.8,95,100,3.96
462,Bubaque,GW,2020-08-19 23:45:27,11.28,-15.83,81.23,85,94,9.42
463,Esso,RU,2020-08-19 23:45:27,55.93,158.7,48.36,84,100,8.48
464,Wuwei,CN,2020-08-19 23:45:27,37.93,102.64,69.12,42,0,1.48
465,Suntar,RU,2020-08-19 23:45:28,62.14,117.63,56.73,58,17,5.41
466,Griffith,US,2020-08-19 23:45:28,41.53,-87.42,75.0,46,1,6.93
467,Ladario,BR,2020-08-19 23:45:28,-19.0,-57.6,72.66,80,67,7.94
468,Kuching,MY,2020-08-19 23:42:53,1.55,110.33,75.2,100,20,2.24
469,Fort Nelson,CA,2020-08-19 23:45:28,58.81,-122.7,71.6,35,75,12.75
470,Vao,NC,2020-08-19 23:45:28,-22.67,167.48,71.28,79,3,20.29
471,Palu,ID,2020-08-19 23:45:28,-0.89,119.87,80.37,69,2,3.31
472,Nhulunbuy,AU,2020-08-19 23:45:28,-12.23,136.77,78.8,65,31,8.05
473,Natal,BR,2020-08-19 23:44:20,-5.79,-35.21,75.2,83,20,6.93
474,Caceres,ES,2020-08-19 23:45:28,39.52,-6.37,65.61,61,0,4.32
475,Eydhafushi,MV,2020-08-19 23:45:28,5.1,73.07,82.6,69,100,8.88
476,Sandnessjoen,NO,2020-08-19 23:45:28,66.02,12.63,51.8,93,91,6.93
477,Saint-Georges,GD,2020-08-19 23:43:25,12.06,-61.75,84.2,79,40,5.82
478,Orange,US,2020-08-19 23:41:42,33.7,-117.77,95.0,45,40,9.17
479,Bonavista,CA,2020-08-19 23:44:15,48.65,-53.11,61.0,82,16,4.0
480,Yeppoon,AU,2020-08-19 23:45:28,-23.13,150.73,71.6,30,13,8.05
481,Tessalit,ML,2020-08-19 23:45:28,20.2,1.01,85.12,45,74,11.99
482,Channel-Port Aux Basques,CA,2020-08-19 23:45:28,47.57,-59.14,63.07,85,48,4.38
483,Burnie,AU,2020-08-19 23:45:28,-41.07,145.92,54.0,60,28,7.0
484,Pinotepa Nacional,MX,2020-08-19 23:45:28,16.32,-98.02,79.34,90,72,4.27
485,Seoul,KR,2020-08-19 23:45:12,37.57,126.98,80.6,83,90,2.42
486,Cantaura,VE,2020-08-19 23:45:28,9.31,-64.36,77.77,77,85,4.68
487,Oktyabrskoye,RU,2020-08-19 23:45:28,43.06,44.74,57.2,93,0,4.47
488,Meulaboh,ID,2020-08-19 23:45:11,4.14,96.13,78.4,83,100,4.07
489,Altay,CN,2020-08-19 23:45:29,47.87,88.12,59.58,39,1,5.84
490,Yeniseysk,RU,2020-08-19 23:45:29,58.45,92.17,54.79,96,13,4.65
491,Rocha,UY,2020-08-19 23:45:29,-34.48,-54.33,41.34,79,25,10.38
492,Port Lincoln,AU,2020-08-19 23:45:29,-34.73,135.87,55.87,66,20,20.58
493,San Bartolome De Tirajana,ES,2020-08-19 23:45:29,27.92,-15.57,75.2,53,0,19.46
494,Srednekolymsk,RU,2020-08-19 23:45:29,67.45,153.68,44.22,66,85,8.66
495,Sampit,ID,2020-08-19 23:45:29,-2.53,112.95,76.37,82,37,2.89
496,Evensk,RU,2020-08-19 23:45:29,61.95,159.23,52.38,87,100,13.38
497,Varhaug,NO,2020-08-19 23:45:29,58.61,5.65,61.0,92,78,13.91
498,Babu,CN,2020-08-19 23:45:29,24.42,111.52,76.08,89,100,2.89
499,Hammerfest,NO,2020-08-19 23:45:29,70.66,23.68,50.0,93,75,18.34
500,Hualmay,PE,2020-08-19 23:41:10,-11.1,-77.61,60.4,82,24,12.19
501,Constanta,RO,2020-08-19 23:45:29,44.18,28.65,72.0,64,75,3.36
502,Dunedin,NZ,2020-08-19 23:43:12,-45.87,170.5,50.0,86,4,8.01
503,Padilla,CO,2020-08-19 23:45:29,3.22,-76.31,72.0,88,90,2.24
504,Nyagan,RU,2020-08-19 23:45:29,62.14,65.39,51.73,97,100,3.51
505,San Lawrenz,MT,2020-08-19 23:45:29,36.06,14.2,80.01,78,0,2.24
506,Tsabong,BW,2020-08-19 23:45:29,-26.02,22.4,35.35,73,0,4.56
507,Walvis Bay,NA,2020-08-19 23:45:30,-22.96,14.51,66.2,15,0,4.7
508,Beringovskiy,RU,2020-08-19 23:45:30,63.05,179.32,57.83,51,87,9.42
509,Kilcormac,IE,2020-08-19 23:45:30,53.17,-7.73,57.99,82,100,21.99
510,Menongue,AO,2020-08-19 23:45:30,-14.66,17.69,51.4,41,7,6.62
511,Takhtamygda,RU,2020-08-19 23:45:30,54.1,123.57,58.62,52,6,4.09
512,Hongjiang,CN,2020-08-19 23:45:30,27.11,110.0,77.18,86,96,1.61
513,At-Bashi,KG,2020-08-19 23:45:30,41.17,75.81,49.37,63,81,0.49
514,Xichang,CN,2020-08-19 23:45:30,27.9,102.26,61.59,77,73,0.87
515,Atagay,RU,2020-08-19 23:45:30,55.1,99.39,57.85,90,36,3.09
516,Cap Malheureux,MU,2020-08-19 23:45:30,-19.98,57.61,71.01,62,26,5.01
517,Amasia,TR,2020-08-19 23:45:30,40.65,35.83,64.4,55,0,1.77
518,Pacifica,US,2020-08-19 23:45:30,37.61,-122.49,69.01,77,1,13.87
519,Atambua,ID,2020-08-19 23:45:30,-9.11,124.89,77.99,54,13,2.37
520,Belen,TR,2020-08-19 23:45:30,36.49,36.22,80.6,69,0,14.99
521,Ahuimanu,US,2020-08-19 23:45:30,21.44,-157.84,89.6,65,20,13.87
522,San Policarpo,PH,2020-08-19 23:45:30,12.18,125.51,78.55,86,93,5.97
523,Shangqiu,CN,2020-08-19 23:45:30,34.45,115.65,70.23,97,100,11.27
524,Asosa,ET,2020-08-19 23:45:30,10.07,34.53,62.91,100,100,1.86
525,Andenes,NO,2020-08-19 23:45:30,69.31,16.12,46.4,87,65,9.17
526,Codrington,AU,2020-08-19 23:44:05,-38.27,141.97,49.87,84,91,13.56
527,Talnakh,RU,2020-08-19 23:44:42,69.49,88.4,59.0,47,53,11.18
528,Northam,GB,2020-08-19 23:43:08,51.03,-4.22,61.0,82,99,15.99
529,Caxito,AO,2020-08-19 23:45:31,-8.58,13.66,69.8,94,20,3.36
530,Guhagar,IN,2020-08-19 23:45:31,17.48,73.19,78.62,87,99,10.56
531,Nikolsk,RU,2020-08-19 23:45:31,53.72,46.07,45.07,87,0,3.29
532,Kloulklubed,PW,2020-08-19 23:43:46,7.04,134.26,82.4,83,75,6.93
533,Awjilah,LY,2020-08-19 23:45:31,29.11,21.29,79.59,47,0,12.19
534,Kokopo,PG,2020-08-19 23:45:31,-4.35,152.26,81.57,70,56,7.94
535,Buta,CD,2020-08-19 23:45:31,2.79,24.73,68.77,95,98,1.5
536,Pokhara,NP,2020-08-19 23:41:11,28.23,83.98,71.53,85,98,1.41
537,Ahipara,NZ,2020-08-19 23:45:31,-35.17,173.17,62.47,83,62,18.59
538,Sakaiminato,JP,2020-08-19 23:45:31,35.55,133.23,84.2,83,20,3.36
539,Xiamen,CN,2020-08-19 23:45:31,24.48,118.08,84.2,79,12,2.24
540,Chicaman,GT,2020-08-19 23:45:31,15.4,-90.77,63.93,100,91,2.01
541,Diamantina,BR,2020-08-19 23:45:31,-18.25,-43.6,61.34,79,0,5.35
542,Kendari,ID,2020-08-19 23:45:31,-3.94,122.5,77.79,70,0,1.16
543,Laguna,US,2020-08-19 23:43:45,38.42,-121.42,102.2,15,75,6.93
544,Kabo,CF,2020-08-19 23:45:31,7.7,18.63,69.78,95,100,2.35
545,Mbigou,GA,2020-08-19 23:45:31,-1.9,11.91,67.95,93,84,5.06
546,Askino,RU,2020-08-19 23:45:31,56.09,56.58,47.21,85,100,14.63
547,Pisco,PE,2020-08-19 23:45:31,-13.7,-76.22,64.4,72,1,20.8
548,Ulladulla,AU,2020-08-19 23:45:32,-35.35,150.47,55.99,50,2,33.33
549,Sabha,LY,2020-08-19 23:45:32,27.04,14.43,88.32,18,31,11.25
